{
    "keep": {
        "days": true,
        "amount": 14
    },
    "auditLog": "E:\\project-resume\\zaranit\\zaran-it-backend-postgres\\logs\\winston\\successes\\.7b2f980ef118003607f647eb08bae7232e6a7b9a-audit.json",
    "files": [
        {
            "date": 1708074613234,
            "name": "E:\\project-resume\\zaranit\\zaran-it-backend-postgres\\logs\\winston\\successes\\zaran-it-2024-16-02-15-success.log",
            "hash": "875b778e366c1880d1ee9e5ee816cd2315814b558e91c77027a54b72065d3cd5"
        },
        {
            "date": 1708148431535,
            "name": "E:\\project-resume\\zaranit\\zaran-it-backend-postgres\\logs\\winston\\successes\\zaran-it-2024-17-02-11-success.log",
            "hash": "fe8e06351f93523d5c7515a22986d0e5290b6cd7c3dd1254f06e1c9d44a581f1"
        },
        {
            "date": 1708159825827,
            "name": "E:\\project-resume\\zaranit\\zaran-it-backend-postgres\\logs\\winston\\successes\\zaran-it-2024-17-02-14-success.log",
            "hash": "ee14ba842f7d152507555a4ee40f57d19acafe08d27cbf84614531424458f2ff"
        },
        {
            "date": 1708179975759,
            "name": "E:\\project-resume\\zaranit\\zaran-it-backend-postgres\\logs\\winston\\successes\\zaran-it-2024-17-02-20-success.log",
            "hash": "7640cdf85f8c4f665a4eca39cd3d497d3368f7f9509441c77a1de895bf82c10d"
        },
        {
            "date": 1708235458384,
            "name": "E:\\project-resume\\zaranit\\zaran-it-backend-postgres\\logs\\winston\\successes\\zaran-it-2024-18-02-11-success.log",
            "hash": "340c9d1ac91ab49d7fc7452a4f45fe6e230670c9bb9b681da48b72fd5a8803ec"
        },
        {
            "date": 1708243903096,
            "name": "E:\\project-resume\\zaranit\\zaran-it-backend-postgres\\logs\\winston\\successes\\zaran-it-2024-18-02-14-success.log",
            "hash": "b9da91afa3f5c04b82066f7729cdda239e3ffaaa19fe28e97e5accc150f0a5fd"
        },
        {
            "date": 1708254217693,
            "name": "E:\\project-resume\\zaranit\\zaran-it-backend-postgres\\logs\\winston\\successes\\zaran-it-2024-18-02-17-success.log",
            "hash": "bd2fafa2e5d12bbcdf159f293c0b781d98a6e01a9a3bf8d64f373f9166ee18a5"
        },
        {
            "date": 1708262562783,
            "name": "E:\\project-resume\\zaranit\\zaran-it-backend-postgres\\logs\\winston\\successes\\zaran-it-2024-18-02-19-success.log",
            "hash": "52fd9d6b86bb4b759f7172f71c916680ba58f6783fe0338592c514181b478caf"
        },
        {
            "date": 1708266598223,
            "name": "E:\\project-resume\\zaranit\\zaran-it-backend-postgres\\logs\\winston\\successes\\zaran-it-2024-18-02-20-success.log",
            "hash": "c9ec969aadb2211e48ccf7f1c837df173ddf9f1fad409b2139dd6b981725b693"
        },
        {
            "date": 1708306043221,
            "name": "E:\\project-resume\\zaranit\\zaran-it-backend-postgres\\logs\\winston\\successes\\zaran-it-2024-19-02-07-success.log",
            "hash": "1e55d7173d13782ec841ad55e63c90b4abf54d3b7a2297a3d6f4edab5a2e751e"
        },
        {
            "date": 1708314633861,
            "name": "E:\\project-resume\\zaranit\\zaran-it-backend-postgres\\logs\\winston\\successes\\zaran-it-2024-19-02-09-success.log",
            "hash": "82db294c3afdd67213a840ce1de40c9066aa809ef7e55b8b107ea1e255a70c9f"
        },
        {
            "date": 1708319123521,
            "name": "E:\\project-resume\\zaranit\\zaran-it-backend-postgres\\logs\\winston\\successes\\zaran-it-2024-19-02-11-success.log",
            "hash": "e7cc03e90cda90e4f5ccc05ef72e1ecee358e2c3a9bd3ff266d4611329beb6f6"
        },
        {
            "date": 1708346354375,
            "name": "E:\\project-resume\\zaranit\\zaran-it-backend-postgres\\logs\\winston\\successes\\zaran-it-2024-19-02-18-success.log",
            "hash": "19739535822fc593fba31eb4cd3dd40310ee0a4033d4c955991e1a890a687465"
        },
        {
            "date": 1708359268476,
            "name": "E:\\project-resume\\zaranit\\zaran-it-backend-postgres\\logs\\winston\\successes\\zaran-it-2024-19-02-22-success.log",
            "hash": "0bd43a165b191446034a38ac3efb95b4b5609b62dd7abd5533d1c88f91dd198b"
        },
        {
            "date": 1708408254266,
            "name": "E:\\project-resume\\zaranit\\zaran-it-backend-postgres\\logs\\winston\\successes\\zaran-it-2024-20-02-11-success.log",
            "hash": "36c8b41b6a020f42204d472ac5f4002141a5921a3bd6969c737de390e8882ccd"
        },
        {
            "date": 1708411527106,
            "name": "E:\\project-resume\\zaranit\\zaran-it-backend-postgres\\logs\\winston\\successes\\zaran-it-2024-20-02-12-success.log",
            "hash": "427a579c9fc611645fa7d276ce98e63fee76e07aeb1526b15af7c7d4211e7f9a"
        },
        {
            "date": 1708412414395,
            "name": "E:\\project-resume\\zaranit\\zaran-it-backend-postgres\\logs\\winston\\successes\\zaran-it-2024-20-02-13-success.log",
            "hash": "3bfb48857251ebb2e28e2b561543d606009037ae1c36334e28adae3828ba0fc8"
        },
        {
            "date": 1708433871918,
            "name": "E:\\project-resume\\zaranit\\zaran-it-backend-postgres\\logs\\winston\\successes\\zaran-it-2024-20-02-18-success.log",
            "hash": "19080ff7aacb454d8fec427e95b84fd2aa2359ed84347f3ff4d8abe768a9ba5c"
        },
        {
            "date": 1708440088429,
            "name": "E:\\project-resume\\zaranit\\zaran-it-backend-postgres\\logs\\winston\\successes\\zaran-it-2024-20-02-20-success.log",
            "hash": "ce6ab7e9d691ff1c6a66ac770aa8f2dbea3d8f1b1006bdb34f86c7df417387d8"
        },
        {
            "date": 1708444658867,
            "name": "E:\\project-resume\\zaranit\\zaran-it-backend-postgres\\logs\\winston\\successes\\zaran-it-2024-20-02-21-success.log",
            "hash": "1ffa337af544c49687488f1ca9156d89b2150e5c549bb23008833b2854494f4f"
        },
        {
            "date": 1708445185791,
            "name": "E:\\project-resume\\zaranit\\zaran-it-backend-postgres\\logs\\winston\\successes\\zaran-it-2024-20-02-22-success.log",
            "hash": "5e662d09e0f6486aff64c4505363ad312a2320fa91754e5a9735999baefd66bd"
        },
        {
            "date": 1708576039088,
            "name": "E:\\project-resume\\zaranit\\zaran-it-backend-postgres\\logs\\winston\\successes\\zaran-it-2024-22-02-10-success.log",
            "hash": "0ae5d5a145dd72e1b647877d6197d5a3d4b587e43f481d0a849be03fcaf701cf"
        },
        {
            "date": 1708581232883,
            "name": "E:\\project-resume\\zaranit\\zaran-it-backend-postgres\\logs\\winston\\successes\\zaran-it-2024-22-02-11-success.log",
            "hash": "a8e1c3f8b467aa60ab3151235e1685c297e08cdd25d7ea8e16d1b593a1da1185"
        },
        {
            "date": 1708581610206,
            "name": "E:\\project-resume\\zaranit\\zaran-it-backend-postgres\\logs\\winston\\successes\\zaran-it-2024-22-02-12-success.log",
            "hash": "d24e865751cf653af6569a540eff5246c01d0140e07eb15bedf4073e9d8e621b"
        },
        {
            "date": 1708585602100,
            "name": "E:\\project-resume\\zaranit\\zaran-it-backend-postgres\\logs\\winston\\successes\\zaran-it-2024-22-02-13-success.log",
            "hash": "2e0aea9b2915b31ce3a9dc9f75e545c7c7ad0edc74d756749849471d98b28bc7"
        },
        {
            "date": 1708589795922,
            "name": "E:\\project-resume\\zaranit\\zaran-it-backend-postgres\\logs\\winston\\successes\\zaran-it-2024-22-02-14-success.log",
            "hash": "3e24f2e5ae3b77690c958d2f6f53b33db7b6e7809f44d0eb115f326a49479eb2"
        },
        {
            "date": 1708599946402,
            "name": "E:\\project-resume\\zaranit\\zaran-it-backend-postgres\\logs\\winston\\successes\\zaran-it-2024-22-02-17-success.log",
            "hash": "fb07a63604d4396f9429f1bec47d5f601937cdd908663f243c62fd1348d3643e"
        },
        {
            "date": 1708603262085,
            "name": "E:\\project-resume\\zaranit\\zaran-it-backend-postgres\\logs\\winston\\successes\\zaran-it-2024-22-02-18-success.log",
            "hash": "a9d336f7a268d306edb7c5e422fb11914e20afddafeb4384557feedd3a5eb209"
        },
        {
            "date": 1708608527533,
            "name": "E:\\project-resume\\zaranit\\zaran-it-backend-postgres\\logs\\winston\\successes\\zaran-it-2024-22-02-19-success.log",
            "hash": "83a852eaf6673e904735c4f74c7a3ad3b3c50842c09e538022700427554c0e90"
        },
        {
            "date": 1708610722545,
            "name": "E:\\project-resume\\zaranit\\zaran-it-backend-postgres\\logs\\winston\\successes\\zaran-it-2024-22-02-20-success.log",
            "hash": "cb61753fd4770989ee7b274c9260702d4a29e5504d28dc4af53691afd4daf9be"
        },
        {
            "date": 1708615194280,
            "name": "E:\\project-resume\\zaranit\\zaran-it-backend-postgres\\logs\\winston\\successes\\zaran-it-2024-22-02-21-success.log",
            "hash": "93b309cc9c28dd4be9d62317d1be6afce0626aa9c2cbfc3d3a326bf450ec74a2"
        },
        {
            "date": 1708618767666,
            "name": "E:\\project-resume\\zaranit\\zaran-it-backend-postgres\\logs\\winston\\successes\\zaran-it-2024-22-02-22-success.log",
            "hash": "19db8741dde137207dc6e97dc3a4c6f672195ff022a2180cb521335b5b07294f"
        },
        {
            "date": 1708658707728,
            "name": "E:\\project-resume\\zaranit\\zaran-it-backend-postgres\\logs\\winston\\successes\\zaran-it-2024-23-02-09-success.log",
            "hash": "3b17d133eab0d7add508a7a46a84cc550360ea6220d845d239852520631fc33a"
        },
        {
            "date": 1708677907118,
            "name": "E:\\project-resume\\zaranit\\zaran-it-backend-postgres\\logs\\winston\\successes\\zaran-it-2024-23-02-14-success.log",
            "hash": "70baf028e36963508d656e0f6662a91ad022241223f2494f2a71dc08c64bf7ae"
        },
        {
            "date": 1708686776251,
            "name": "E:\\project-resume\\zaranit\\zaran-it-backend-postgres\\logs\\winston\\successes\\zaran-it-2024-23-02-17-success.log",
            "hash": "c623e729016c5417b6e416b1b53fb66870238de6e906fed700a1d0fe75d623b9"
        },
        {
            "date": 1708691954424,
            "name": "E:\\project-resume\\zaranit\\zaran-it-backend-postgres\\logs\\winston\\successes\\zaran-it-2024-23-02-18-success.log",
            "hash": "95db15cf3ff2ccba717569117048fd211251edb96194d569e34aff79eda877b4"
        },
        {
            "date": 1708695144568,
            "name": "E:\\project-resume\\zaranit\\zaran-it-backend-postgres\\logs\\winston\\successes\\zaran-it-2024-23-02-19-success.log",
            "hash": "33dd5a25647502a2ec3df537b9f378a875164e0649f18cebdda1ff4a789c8cfb"
        },
        {
            "date": 1708784037911,
            "name": "E:\\project-resume\\zaranit\\zaran-it-backend-postgres\\logs\\winston\\successes\\zaran-it-2024-24-02-20-success.log",
            "hash": "6346e0c50b471fd2d40db6e00cc0ae4fc03d65292b1a65f2561b7e310053a7ed"
        },
        {
            "date": 1708824786711,
            "name": "E:\\project-resume\\zaranit\\zaran-it-backend-postgres\\logs\\winston\\successes\\zaran-it-2024-25-02-07-success.log",
            "hash": "7d0d976ce3102f9ba8314b15e24d7cd60dc93836edea0d3f51e684941557ec5a"
        },
        {
            "date": 1708835661809,
            "name": "E:\\project-resume\\zaranit\\zaran-it-backend-postgres\\logs\\winston\\successes\\zaran-it-2024-25-02-10-success.log",
            "hash": "51e9d78610f9d0b4841e7f64d24f378187c2aac267451f02379e60a6a9184f43"
        },
        {
            "date": 1708851924576,
            "name": "E:\\project-resume\\zaranit\\zaran-it-backend-postgres\\logs\\winston\\successes\\zaran-it-2024-25-02-15-success.log",
            "hash": "9acdaccb397fb0963d7ca91b7904b3b73240026e943961bf9eca04bd9d5a0328"
        },
        {
            "date": 1708858449050,
            "name": "E:\\project-resume\\zaranit\\zaran-it-backend-postgres\\logs\\winston\\successes\\zaran-it-2024-25-02-16-success.log",
            "hash": "a02cca163f9e42698cb7fed5a12da2f7750e615bb9fe2280af9465f8292af0e8"
        },
        {
            "date": 1708916281526,
            "name": "E:\\project-resume\\zaranit\\zaran-it-backend-postgres\\logs\\winston\\successes\\zaran-it-2024-26-02-08-success.log",
            "hash": "56fbdcc5812e5a116e04460a5440b0909a79e95cc0f2bb50e9a398f79c73bfb6"
        },
        {
            "date": 1708920654597,
            "name": "E:\\project-resume\\zaranit\\zaran-it-backend-postgres\\logs\\winston\\successes\\zaran-it-2024-26-02-10-success.log",
            "hash": "6cf7198481c8e3e1b145875f5edc4c043ede050bd970b6b7b35b183a35210357"
        },
        {
            "date": 1708941406483,
            "name": "E:\\project-resume\\zaranit\\zaran-it-backend-postgres\\logs\\winston\\successes\\zaran-it-2024-26-02-15-success.log",
            "hash": "2cc1caf3011206c200d73e7b7ade399a1b487b83ddfcd35ea4ef8de9dcbb9a63"
        },
        {
            "date": 1708961820838,
            "name": "E:\\project-resume\\zaranit\\zaran-it-backend-postgres\\logs\\winston\\successes\\zaran-it-2024-26-02-21-success.log",
            "hash": "d48be912466d85f40c514e0a19a5e78063d07b48935179b9b44bc05d3e607661"
        },
        {
            "date": 1708965768620,
            "name": "E:\\project-resume\\zaranit\\zaran-it-backend-postgres\\logs\\winston\\successes\\zaran-it-2024-26-02-22-success.log",
            "hash": "e4867797b6bf73125f508060ef03d5cd7b8a3df7e590a933adb5d6848493bd48"
        },
        {
            "date": 1709015342392,
            "name": "E:\\project-resume\\zaranit\\zaran-it-backend-postgres\\logs\\winston\\successes\\zaran-it-2024-27-02-12-success.log",
            "hash": "feed216a6e4dcd2bbb2e002e2e4c015268e244256b77018ab148f625029a7fa2"
        },
        {
            "date": 1709039346874,
            "name": "E:\\project-resume\\zaranit\\zaran-it-backend-postgres\\logs\\winston\\successes\\zaran-it-2024-27-02-19-success.log",
            "hash": "9927bb956727857fffcc54b962ae8541ddbd6a50d35bab0769135253de412607"
        },
        {
            "date": 1709047795990,
            "name": "E:\\project-resume\\zaranit\\zaran-it-backend-postgres\\logs\\winston\\successes\\zaran-it-2024-27-02-21-success.log",
            "hash": "6bb3fd778d6d8d59faa7bff8f99de62d95a4e9901651d3a65884dbdf45b7c36d"
        },
        {
            "date": 1709054888700,
            "name": "E:\\project-resume\\zaranit\\zaran-it-backend-postgres\\logs\\winston\\successes\\zaran-it-2024-27-02-23-success.log",
            "hash": "bf9049511d004597b43828f3ff3eeacfc08ec6419659552c00cd6105503f7604"
        },
        {
            "date": 1709106178180,
            "name": "E:\\project-resume\\zaranit\\zaran-it-backend-postgres\\logs\\winston\\successes\\zaran-it-2024-28-02-13-success.log",
            "hash": "ed00612f0349fbfa7f9e0d6daae82e0709c5657debe36e57bf214a0824cf674e"
        },
        {
            "date": 1709107240768,
            "name": "E:\\project-resume\\zaranit\\zaran-it-backend-postgres\\logs\\winston\\successes\\zaran-it-2024-28-02-14-success.log",
            "hash": "33785a8f2cb46edc5fa96cffd43ddc78d043f0b9f19662300bae1bc018f1a1fe"
        },
        {
            "date": 1709175101079,
            "name": "E:\\project-resume\\zaranit\\zaran-it-backend-postgres\\logs\\winston\\successes\\zaran-it-2024-29-02-08-success.log",
            "hash": "c5e00fc16f3733f23999c40b5cf917544db6ea672fc8f57431f9e5db1b7ad10e"
        },
        {
            "date": 1709176146483,
            "name": "E:\\project-resume\\zaranit\\zaran-it-backend-postgres\\logs\\winston\\successes\\zaran-it-2024-29-02-09-success.log",
            "hash": "9a8390e85b4cb27788dd58c6a4160c82fc3de4aec587ecb6ed0cac6d83c82be8"
        },
        {
            "date": 1709180382786,
            "name": "E:\\project-resume\\zaranit\\zaran-it-backend-postgres\\logs\\winston\\successes\\zaran-it-2024-29-02-10-success.log",
            "hash": "90f5f222f9ecd73d10ae200ec709e3cf04b8879402a0c60dfad0cfdda9e31fb7"
        },
        {
            "date": 1709187874158,
            "name": "E:\\project-resume\\zaranit\\zaran-it-backend-postgres\\logs\\winston\\successes\\zaran-it-2024-29-02-12-success.log",
            "hash": "04ae1ea3877bd41541f50018063852f6cef339618addb7f5b52250d8d81513a8"
        },
        {
            "date": 1709193919817,
            "name": "E:\\project-resume\\zaranit\\zaran-it-backend-postgres\\logs\\winston\\successes\\zaran-it-2024-29-02-14-success.log",
            "hash": "ea5dd926ad93c81498ddf4f6517ab34c7558f4bcc888f7e7959b82ec97fa30e6"
        },
        {
            "date": 1709213063132,
            "name": "E:\\project-resume\\zaranit\\zaran-it-backend-postgres\\logs\\winston\\successes\\zaran-it-2024-29-02-19-success.log",
            "hash": "304d809a876e11e2a6d13e9b1c489e53237e54bd2edff73da4517bc496e46c8a"
        },
        {
            "date": 1709215956007,
            "name": "E:\\project-resume\\zaranit\\zaran-it-backend-postgres\\logs\\winston\\successes\\zaran-it-2024-29-02-20-success.log",
            "hash": "65ac2451ab721c56aa824ea68f58b82101ac5ea41dfb34da08f9789962bdc92d"
        },
        {
            "date": 1709224789821,
            "name": "E:\\project-resume\\zaranit\\zaran-it-backend-postgres\\logs\\winston\\successes\\zaran-it-2024-29-02-22-success.log",
            "hash": "16fa4de99118a21c7501b93f2edd2969e3ca8ecc49bf2bdb9e70cb5764f968ed"
        },
        {
            "date": 1709233960946,
            "name": "E:\\project-resume\\zaranit\\zaran-it-backend-postgres\\logs\\winston\\successes\\zaran-it-2024-01-03-01-success.log",
            "hash": "6140132c770bd711f3108e025c65b9639830ecbcb447bab4506614f1868d352f"
        }
    ],
    "hashType": "sha256"
}