{
    "keep": {
        "days": true,
        "amount": 14
    },
    "auditLog": "E:\\project-resume\\softsyncinc\\softsyncinc-backend-postgres\\logs\\winston\\successes\\.e0626cc689ac845563fe4791394f347165c36bdb-audit.json",
    "files": [
        {
            "date": 1709281873818,
            "name": "E:\\project-resume\\softsyncinc\\softsyncinc-backend-postgres\\logs\\winston\\successes\\SoftSync-INC-2024-01-03-14-success.log",
            "hash": "1b86a9ea523f6fcda9e5470d61ac3df1b53dde422e38549ccf09474064e5ebba"
        },
        {
            "date": 1709367027759,
            "name": "E:\\project-resume\\softsyncinc\\softsyncinc-backend-postgres\\logs\\winston\\successes\\SoftSync-INC-2024-02-03-14-success.log",
            "hash": "dc0249990630d68c984bf6dec55a30f92a303752755aa47657c46fc945122a34"
        },
        {
            "date": 1709396611133,
            "name": "E:\\project-resume\\softsyncinc\\softsyncinc-backend-postgres\\logs\\winston\\successes\\SoftSync-INC-2024-02-03-22-success.log",
            "hash": "fe0ded9816e914a33470090a9296b78153b2cb8ce52dc9e9e725a48b46eb5dd7"
        },
        {
            "date": 1709401926245,
            "name": "E:\\project-resume\\softsyncinc\\softsyncinc-backend-postgres\\logs\\winston\\successes\\SoftSync-INC-2024-02-03-23-success.log",
            "hash": "5ed641b9be2ab4f3dcaea7b6640ae60a878a8cc078d74df1e0b3542c8c1b3a82"
        },
        {
            "date": 1709436214193,
            "name": "E:\\project-resume\\softsyncinc\\softsyncinc-backend-postgres\\logs\\winston\\successes\\SoftSync-INC-2024-03-03-09-success.log",
            "hash": "25511e947b97c140f5f827779011729079b5063adab930b63f88c57d2d0932e9"
        },
        {
            "date": 1709445060956,
            "name": "E:\\project-resume\\softsyncinc\\softsyncinc-backend-postgres\\logs\\winston\\successes\\SoftSync-INC-2024-03-03-11-success.log",
            "hash": "13996e8eb56b886962226521d6135b5735f7c46b27e9d44ab90ba5d4791ae49e"
        },
        {
            "date": 1709474883264,
            "name": "E:\\project-resume\\softsyncinc\\softsyncinc-backend-postgres\\logs\\winston\\successes\\SoftSync-INC-2024-03-03-20-success.log",
            "hash": "07eb981249982990e39cfa7f9a5edbab5b695fbc908487a5198155ba048f10c8"
        },
        {
            "date": 1709485636878,
            "name": "E:\\project-resume\\softsyncinc\\softsyncinc-backend-postgres\\logs\\winston\\successes\\SoftSync-INC-2024-03-03-23-success.log",
            "hash": "783cd9dd3ef5944d4e54025ee85c8f8df4fd8c860befca23625377670a3bde9c"
        },
        {
            "date": 1709489168229,
            "name": "E:\\project-resume\\softsyncinc\\softsyncinc-backend-postgres\\logs\\winston\\successes\\SoftSync-INC-2024-04-03-00-success.log",
            "hash": "5603865f94ee29693c6357c0d9bec42e176781223edb0ea3c2ecaf57cdcf41f0"
        },
        {
            "date": 1709495393694,
            "name": "E:\\project-resume\\softsyncinc\\softsyncinc-backend-postgres\\logs\\winston\\successes\\SoftSync-INC-2024-04-03-01-success.log",
            "hash": "5d925f2a65f0fdb23e2e11e203909d9f39a8ec5959ce6af061ffaef464509b6e"
        },
        {
            "date": 1709497451184,
            "name": "E:\\project-resume\\softsyncinc\\softsyncinc-backend-postgres\\logs\\winston\\successes\\SoftSync-INC-2024-04-03-02-success.log",
            "hash": "72b5e8602cca5c824dd86aeb29b581162db748fa8ba702e1f411121bf86c2cea"
        },
        {
            "date": 1709528442932,
            "name": "E:\\project-resume\\softsyncinc\\softsyncinc-backend-postgres\\logs\\winston\\successes\\SoftSync-INC-2024-04-03-11-success.log",
            "hash": "bc54294a25c1c4b4df7a171f77236a3c5b4531cf6e6299fa35ea879d2f645a12"
        },
        {
            "date": 1709534130271,
            "name": "E:\\project-resume\\softsyncinc\\softsyncinc-backend-postgres\\logs\\winston\\successes\\SoftSync-INC-2024-04-03-12-success.log",
            "hash": "cf8e300312014c6057d8f0e0de01057b75ce2ca5633efdf041f0ce22af02e38b"
        },
        {
            "date": 1709568842807,
            "name": "E:\\project-resume\\softsyncinc\\softsyncinc-backend-postgres\\logs\\winston\\successes\\SoftSync-INC-2024-04-03-22-success.log",
            "hash": "4689b3aea6423ec8f2eae318286e97b3aaded6189836e8306bce3bf95c96f2aa"
        },
        {
            "date": 1709608009844,
            "name": "E:\\project-resume\\softsyncinc\\softsyncinc-backend-postgres\\logs\\winston\\successes\\SoftSync-INC-2024-05-03-09-success.log",
            "hash": "ef324b0f5bec727142003b5d81a8d114506438d6d328fcc3d7fa6df343dfb15a"
        },
        {
            "date": 1709612476555,
            "name": "E:\\project-resume\\softsyncinc\\softsyncinc-backend-postgres\\logs\\winston\\successes\\SoftSync-INC-2024-05-03-10-success.log",
            "hash": "2925f8751544f0f7f253d716b06472f124a90194a73157239bbdadfd1fab6b0a"
        },
        {
            "date": 1709617098750,
            "name": "E:\\project-resume\\softsyncinc\\softsyncinc-backend-postgres\\logs\\winston\\successes\\SoftSync-INC-2024-05-03-11-success.log",
            "hash": "f2424ccd66c2cfb3343e91d413db0762c737f6d12884baf0611f8f50aea2bdc0"
        },
        {
            "date": 1709619690619,
            "name": "E:\\project-resume\\softsyncinc\\softsyncinc-backend-postgres\\logs\\winston\\successes\\SoftSync-INC-2024-05-03-12-success.log",
            "hash": "f6336d0e6d2b9beff9cb9772a3e99cbd2df29be8239d6aad451cb875d30ec684"
        }
    ],
    "hashType": "sha256"
}